"Name";"Virtual";"Type";"Nullable";"Default/Expr.";"Storage";"Comments"
"CODPROD";"N";"NUMBER(6)";"N";"";"";""
"DESCRICAO";"N";"VARCHAR2(40)";"N";"";"";""
"EMBALAGEM";"N";"VARCHAR2(12)";"N";"";"";""
"UNIDADE";"N";"VARCHAR2(2)";"Y";"";"";""
"PESOLIQ";"N";"NUMBER(12,6)";"Y";"";"";""
"PESOBRUTO";"N";"NUMBER(12,6)";"Y";"";"";""
"CODEPTO";"N";"NUMBER(6)";"N";"";"";""
"CODSEC";"N";"NUMBER(6)";"N";"";"";""
"PCOMINT1";"N";"NUMBER(6,2)";"Y";"";"";""
"TEMREPOS";"N";"NUMBER(4)";"Y";"";"";""
"QTUNIT";"N";"NUMBER(6,2)";"Y";"";"";""
"OBS";"N";"VARCHAR2(2)";"Y";"";"";""
"PCOMREP1";"N";"NUMBER(6,2)";"Y";"";"";""
"PCOMEXT1";"N";"NUMBER(6,2)";"Y";"";"";""
"CODFORNEC";"N";"NUMBER(6)";"N";"";"";""
"DTCADASTRO";"N";"DATE";"Y";"";"";""
"VOLUME";"N";"NUMBER(20,8)";"Y";"";"";""
"CODAUXILIAR";"N";"NUMBER(20)";"Y";"";"";""
"CLASSE";"N";"VARCHAR2(1)";"Y";"";"";""
"LASTROPAL";"N";"NUMBER(10,4)";"Y";"";"";""
"ALTURAPAL";"N";"NUMBER(10,4)";"Y";"";"";""
"QTTOTPAL";"N";"NUMBER(8,2)";"Y";"";"";""
"PRAZOVAL";"N";"NUMBER(4)";"Y";"";"";""
"QTUNITCX";"N";"NUMBER(8,2)";"Y";"";"";""
"REVENDA";"N";"VARCHAR2(1)";"Y";"";"";""
"IMPORTADO";"N";"VARCHAR2(1)";"Y";"";"";""
"FOLHAROSTO";"N";"VARCHAR2(1)";"Y";"";"";""
"DTEXCLUSAO";"N";"DATE";"Y";"";"";""
"MODULO";"N";"NUMBER(2)";"Y";"";"";""
"RUA";"N";"NUMBER(4)";"Y";"";"";""
"APTO";"N";"NUMBER(4)";"Y";"";"";""
"DTULTALTCOM";"N";"DATE";"Y";"";"";"Data da ultima alteração de comissão."
"CAMPANHA";"N";"VARCHAR2(1)";"Y";"";"";""
"CODPRODPRINC";"N";"NUMBER(6)";"Y";"";"";""
"OBS2";"N";"VARCHAR2(2)";"Y";"";"";""
"PERCIPI";"N";"NUMBER(14,4)";"Y";"";"";""
"UNIDADEMASTER";"N";"VARCHAR2(2)";"Y";"";"";""
"CORREDOR";"N";"VARCHAR2(4)";"Y";"";"";""
"LARGURAM3";"N";"NUMBER(10,6)";"Y";"";"";"Largura do produto na norma pallete."
"ALTURAM3";"N";"NUMBER(10,6)";"Y";"";"";"Altura do produto na norma pallete."
"COMPRIMENTOM3";"N";"NUMBER(10,6)";"Y";"";"";"Comprimento do produto na norma pallete."
"TIPORESTRICAO";"N";"VARCHAR2(1)";"Y";"";"";"Tipo de restição para venda e separação de mercadoria."
"QTTOTPALFRAC";"N";"NUMBER(6,2)";"Y";"";"";"Quantidade total pallete orçado."
"DV";"N";"NUMBER(1)";"Y";"";"";""
"CLASSEVENDA";"N";"VARCHAR2(1)";"Y";"";"";"Clase venda do produto."
"CLASSEMC";"N";"VARCHAR2(1)";"Y";"";"";"Classe margem do produto"
"CLASSEESTOQUE";"N";"VARCHAR2(1)";"Y";"";"";""
"CLASSECOMPRA";"N";"VARCHAR2(1)";"Y";"";"";""
"PERICM";"N";"NUMBER(12,4)";"Y";"";"";"Descricao coluna PERICM"
"PERCDESC";"N";"NUMBER(12,4)";"Y";"";"";""
"PERCST";"N";"NUMBER(12,4)";"Y";"";"";""
"PERCBON";"N";"NUMBER(14,4)";"Y";"";"";""
"PERCFRETE";"N";"NUMBER(14,4)";"Y";"";"";""
"MOEDA";"N";"VARCHAR2(1)";"Y";"";"";""
"DTDOLAR";"N";"VARCHAR2(1)";"Y";"";"";""
"DESCRICAO1";"N";"VARCHAR2(45)";"Y";"";"";""
"DESCRICAO2";"N";"VARCHAR2(45)";"Y";"";"";""
"DESCRICAO3";"N";"VARCHAR2(45)";"Y";"";"";""
"DESCRICAO4";"N";"VARCHAR2(45)";"Y";"";"";""
"CLASSIFICFISCAL";"N";"VARCHAR2(20)";"Y";"";"";""
"CUSTOREP";"N";"NUMBER(18,6)";"Y";"";"";"Custo de reposição da fabrica."
"DTULTALTCUSTOREP";"N";"DATE";"Y";"";"";"Data da ultima atualização do custo reposição da fabrica."
"NBM";"N";"VARCHAR2(15)";"Y";"";"";""
"CODFAB";"N";"VARCHAR2(30)";"Y";"";"";""
"TRIBFEDERAL";"N";"VARCHAR2(15)";"Y";"";"";""
"PERCIPIVENDA";"N";"NUMBER(10,2)";"Y";"";"";""
"PERCDESC1";"N";"NUMBER(12,4)";"Y";"";"";""
"PERCDESC2";"N";"NUMBER(12,4)";"Y";"";"";""
"PERCDESC3";"N";"NUMBER(12,4)";"Y";"";"";""
"PERCDESC4";"N";"NUMBER(12,4)";"Y";"";"";""
"PERICMSANTECIPADO";"N";"NUMBER(14,4)";"Y";"";"";""
"CODPRODSIMILAR";"N";"NUMBER(6)";"Y";"";"";""
"CODCATEGORIA";"N";"NUMBER(6)";"Y";"";"";""
"CODSUBCATEGORIA";"N";"NUMBER(6)";"Y";"";"";""
"CODFILIAL";"N";"VARCHAR2(2)";"Y";"";"";""
"TIPODESCARGA";"N";"VARCHAR2(1)";"Y";"";"";""
"STATUS";"N";"VARCHAR2(1)";"Y";"";"";""
"PERCOUTRASDESP";"N";"NUMBER(14,4)";"Y";"";"";""
"PERCFRETEFOB";"N";"NUMBER(18,6)";"Y";"";"";""
"PERCDESPADICIONAL";"N";"NUMBER(14,4)";"Y";"";"";""
"PERCDESPFIN";"N";"NUMBER(14,4)";"Y";"";"";""
"VLBONIFIC";"N";"NUMBER(18,6)";"Y";"";"";""
"PRECOFIXO";"N";"VARCHAR2(1)";"Y";"'N'";"";""
"PISCOFINSRETIDO";"N";"VARCHAR2(1)";"Y";"'N'";"";""
"PERCCOMMOT";"N";"NUMBER(8,2)";"Y";"'0'";"";"Percentual comissão motorista."
"IVARESSARC";"N";"NUMBER(10,2)";"Y";"";"";"Percentual IVA ressarcimento."
"ICMSRESSARC";"N";"NUMBER(10,2)";"Y";"";"";"Percentual ICMS ressarcimento."
"TIPOVOLUMEDESCARGA";"N";"VARCHAR2(2)";"Y";"";"";""
"COMISSAOFIXA";"N";"VARCHAR2(1)";"Y";"'N'";"";""
"USACLASSIFICACAO";"N";"VARCHAR2(1)";"Y";"'N'";"";""
"PERCIVAICMANTECIP";"N";"NUMBER(10,2)";"Y";"";"";""
"PERCALIQINTICMANTECIP";"N";"NUMBER(12,4)";"Y";"";"";""
"PERCALIQEXTICMANTECIP";"N";"NUMBER(12,4)";"Y";"";"";""
"PERCICMRED";"N";"NUMBER(12,4)";"Y";"";"";""
"PERCIVA";"N";"NUMBER(12,4)";"Y";"";"";""
"PERCALIQINT";"N";"NUMBER(12,4)";"Y";"";"";""
"PERCALIQEXT";"N";"NUMBER(12,4)";"Y";"";"";""
"CODAUXILIAR2";"N";"NUMBER(14)";"Y";"";"";"Código barra embalagem master."
"VENDADIRETA";"N";"VARCHAR2(1)";"Y";"";"";""
"PASSELIVRE";"N";"VARCHAR2(1)";"Y";"'N'";"";""
"MODULO2";"N";"NUMBER(2)";"Y";"";"";""
"RUA2";"N";"NUMBER(4)";"Y";"";"";""
"NUMERO2";"N";"NUMBER(6,2)";"Y";"";"";""
"APTO2";"N";"NUMBER(2)";"Y";"";"";""
"CODPASSEFISCAL";"N";"NUMBER(8)";"Y";"";"";""
"TIPOALTURAPALETE";"N";"NUMBER(2)";"Y";"";"";""
"NUMLOTE";"N";"VARCHAR2(20)";"Y";"";"";""
"DTVENC";"N";"DATE";"Y";"";"";""
"PERINDENIZ";"N";"NUMBER(5,2)";"Y";"";"";""
"PERPIS";"N";"NUMBER(12,4)";"Y";"";"";""
"MULTIPLO";"N";"NUMBER(18,6)";"Y";"'1'";"";""
"VLVENDATEMP";"N";"NUMBER(16,2)";"Y";"";"";""
"TIPOMERC";"N";"VARCHAR2(2)";"Y";"";"";""
"NORMAFORNECEDOR";"N";"VARCHAR2(10)";"Y";"";"";""
"TIPOCALCST";"N";"VARCHAR2(1)";"Y";"'N'";"";""
"PERICMFRETE";"N";"NUMBER(8,4)";"Y";"";"";""
"LOTEMINCOMPRA";"N";"NUMBER(14,2)";"Y";"";"";""
"TIPOSUGCOMPRA";"N";"VARCHAR2(2)";"Y";"";"";""
"LOTEINCCOMPRA";"N";"NUMBER(14,2)";"Y";"";"";""
"LOTEPRODUCAO";"N";"NUMBER(14,2)";"Y";"";"";""
"AUTORIZATIPO4";"N";"VARCHAR2(1)";"Y";"'N'";"";""
"ACEITAVENDAFRACAO";"N";"VARCHAR2(1)";"Y";"";"";""
"CODFUNCCADASTRO";"N";"NUMBER(8)";"Y";"";"";""
"CODFUNCULTALTER";"N";"NUMBER(8)";"Y";"";"";""
"CODFISCAL";"N";"NUMBER(10)";"Y";"";"";""
"SITTRIBUT";"N";"VARCHAR2(3)";"Y";"";"";""
"MARGEMMIN";"N";"NUMBER(4,2)";"Y";"";"";""
"FLAGS";"N";"VARCHAR2(1)";"Y";"";"";""
"FLAG0";"N";"VARCHAR2(2)";"Y";"";"";""
"FLAG1";"N";"VARCHAR2(2)";"Y";"";"";""
"FLAG2";"N";"VARCHAR2(2)";"Y";"";"";""
"LARGURAARM";"N";"NUMBER(10,6)";"Y";"";"";""
"COMPRIMENTOARM";"N";"NUMBER(10,6)";"Y";"";"";""
"ALTURAARM";"N";"NUMBER(10,6)";"Y";"";"";""
"VOLUMEARM";"N";"NUMBER(20,8)";"Y";"";"";""
"CAMAPAPAL";"N";"NUMBER(10,4)";"Y";"";"";""
"TIPOPROD";"N";"NUMBER(2)";"Y";"";"";""
"TIPOPAL";"N";"NUMBER(2)";"Y";"";"";""
"TIPOARM";"N";"NUMBER(2)";"Y";"'9'";"";""
"CAPACIDADEPICKING";"N";"NUMBER(8,2)";"Y";"";"";""
"CODCARACPROD";"N";"NUMBER(3)";"Y";"";"";""
"CODTIPOESTRUTURA";"N";"NUMBER(3)";"Y";"";"";""
"RESTRICAOBLOCADO";"N";"NUMBER(3)";"Y";"";"";""
"PONTOREPOSICAO";"N";"NUMBER(8,2)";"Y";"";"";""
"TIPOPALPUL";"N";"NUMBER(2)";"Y";"";"";""
"CODTIPOESTRUTURAPUL";"N";"NUMBER(3)";"Y";"";"";""
"CODPRODMASTER";"N";"NUMBER(6)";"Y";"";"";""
"QTUNITCT";"N";"NUMBER(6,2)";"Y";"";"";""
"RUACT";"N";"NUMBER(4)";"Y";"";"";""
"NUMEROCT";"N";"NUMBER(6,2)";"Y";"";"";""
"APTOCT";"N";"NUMBER(2)";"Y";"";"";""
"MODULOCT";"N";"NUMBER(2)";"Y";"";"";""
"RUACX";"N";"NUMBER(4)";"Y";"";"";""
"APTOCX";"N";"NUMBER(4)";"Y";"";"";""
"MODULOCX";"N";"NUMBER(2)";"Y";"";"";""
"UNIDADECT";"N";"VARCHAR2(2)";"Y";"";"";""
"VLPAUTA";"N";"NUMBER(18,6)";"Y";"";"";""
"VLPAUTAIPI";"N";"NUMBER(18,6)";"Y";"";"";"Informar valor da pauta do IPI na tabela PCPRODUT."
"EMBALAGEMMASTER";"N";"VARCHAR2(12)";"Y";"";"";""
"EMBALAGEMCT";"N";"VARCHAR2(12)";"Y";"";"";""
"NUMDIASMAXVENDA";"N";"NUMBER(3)";"Y";"";"";""
"USAALIQCREDICMSDIFER";"N";"VARCHAR2(1)";"Y";"'N'";"";""
"PERCALIQCREDICMSDIFEREST";"N";"NUMBER(5,2)";"Y";"";"";""
"PERCALIQCREDICMSDIFERINTER";"N";"NUMBER(5,2)";"Y";"";"";""
"PSICOTROPICO";"N";"VARCHAR2(1)";"Y";"'N'";"";""
"CODLINHAPROD";"N";"NUMBER(6)";"Y";"";"";""
"CUSTOREPTAB";"N";"NUMBER(18,6)";"Y";"";"";""
"PRECOMAXCONSUM";"N";"NUMBER(18,6)";"Y";"";"";""
"PRECOMAXCONSUMTAB";"N";"NUMBER(18,6)";"Y";"";"";""
"PERCDESC5";"N";"NUMBER(12,4)";"Y";"";"";""
"NUMLISTAINVENTROT";"N";"NUMBER(6)";"Y";"";"";""
"NUMSEQINVENTROT";"N";"NUMBER(6)";"Y";"";"";""
"MEDICAMENTOHOSPITALAR";"N";"VARCHAR2(1)";"Y";"'N'";"";""
"PERCBONIFICVENDA";"N";"NUMBER(5,2)";"Y";"";"";""
"PRINCIPIOATIVO";"N";"VARCHAR2(100)";"Y";"";"";""
"TIPOTRIBUTMEDIC";"N";"VARCHAR2(2)";"Y";"";"";""
"DEPOSITO";"N";"NUMBER(3)";"Y";"";"";""
"PREDIO";"N";"NUMBER(3)";"Y";"";"";""
"NIVEL";"N";"NUMBER(3)";"Y";"";"";""
"CODEQUIPE";"N";"NUMBER(4)";"Y";"";"";""
"PERCSUFRAMA";"N";"NUMBER(12,4)";"Y";"";"";""
"EXPORTABALANCA";"N";"VARCHAR2(1)";"Y";"";"";""
"CODINFNUTRI";"N";"NUMBER(14)";"Y";"";"";""
"SOMENTETV3";"N";"VARCHAR2(1)";"Y";"'N'";"";""
"PCOMTLMKT";"N";"NUMBER(6,2)";"Y";"";"";""
"SEQTABPRECO";"N";"NUMBER(4)";"Y";"";"";""
"QTPONTOPEDIDO";"N";"NUMBER(20,8)";"Y";"";"";""
"QTMINPRODUZIR";"N";"NUMBER(20,8)";"Y";"";"";""
"PRAZOMEDIOPRODUCAO";"N";"NUMBER(5)";"Y";"";"";""
"NOMECOMERCIAL";"N";"VARCHAR2(100)";"Y";"";"";""
"FRACAOSEPARACAO";"N";"NUMBER(20,8)";"Y";"25000";"";""
"FATORTRANSF";"N";"NUMBER(18,6)";"Y";"";"";""
"TAMANHOLOTEFAB";"N";"NUMBER(18,6)";"Y";"";"";""
"VELOCIDADEESP";"N";"NUMBER(18,6)";"Y";"";"";""
"VELOCIDADEOPERACIONAL";"N";"NUMBER(18,6)";"Y";"";"";""
"EFICIENCIAOPERACIONAL";"N";"NUMBER(10,2)";"Y";"";"";""
"CODFILIALPRODUTORA";"N";"VARCHAR2(2)";"Y";"";"";""
"FATORUNFARM";"N";"NUMBER(10)";"Y";"";"";""
"VOLUMEREC";"N";"NUMBER(20,8)";"Y";"";"";""
"PRAZO";"N";"NUMBER(4)";"Y";"";"";""
"PRAZOENTR";"N";"NUMBER(3)";"Y";"";"";""
"CODPRINCIPATIVO";"N";"NUMBER(10)";"Y";"";"";""
"CODPRODSINTEGRA";"N";"VARCHAR2(20)";"Y";"";"";""
"TIPORESTRICAOMED";"N";"VARCHAR2(2)";"Y";"'NR'";"";""
"INFORMACOESTECNICAS";"N";"VARCHAR2(500)";"Y";"";"";""
"FRETEESPECIAL";"N";"VARCHAR2(1)";"Y";"'N'";"";""
"DIRFOTOPROD";"N";"VARCHAR2(100)";"Y";"";"";""
"CUSTOREPMC";"N";"NUMBER(18,6)";"Y";"";"";""
"TIPOMP";"N";"VARCHAR2(2)";"Y";"";"";""
"PESOBRUTOMASTER";"N";"NUMBER(10,3)";"Y";"";"";""
"PESOLIQMASTER";"N";"NUMBER(10,3)";"Y";"";"";""
"PCKROTATIVO";"N";"VARCHAR2(1)";"Y";"'N'";"";""
"PRAZOEXPURGO";"N";"NUMBER(3)";"Y";"'0'";"";""
"NUMULTEXPURGO";"N";"NUMBER(10)";"Y";"";"";""
"DTULTEXPURGO";"N";"DATE";"Y";"";"";""
"DTPROXEXPURGO";"N";"DATE";"Y";"";"";""
"PERCDESC6";"N";"NUMBER(12,4)";"Y";"";"";""
"PERCDESC7";"N";"NUMBER(12,4)";"Y";"";"";""
"PERCDESC8";"N";"NUMBER(12,4)";"Y";"";"";""
"PERCDESC9";"N";"NUMBER(12,4)";"Y";"";"";""
"PERCDESC10";"N";"NUMBER(12,4)";"Y";"";"";""
"NUMORIGINAL";"N";"VARCHAR2(20)";"Y";"";"";""
"DEPOSITOCX";"N";"NUMBER(3)";"Y";"";"";""
"PREDIOCX";"N";"NUMBER(3)";"Y";"";"";""
"NIVELCX";"N";"NUMBER(3)";"Y";"";"";""
"PONTOREPOSICAOCX";"N";"NUMBER(8,2)";"Y";"";"";""
"CAPACIDADEPICKINGCX";"N";"NUMBER(8,2)";"Y";"";"";""
"DENOMINACAOCOMUNBRASILEIRA";"N";"VARCHAR2(10)";"Y";"";"";""
"PERCTOLERANCIAVAL";"N";"NUMBER(6,3)";"Y";"";"";""
"DESCRICAO5";"N";"VARCHAR2(45)";"Y";"";"";""
"DESCRICAO6";"N";"VARCHAR2(45)";"Y";"";"";""
"DESCRICAO7";"N";"VARCHAR2(45)";"Y";"";"";""
"CUSTOPROXIMACOMPRA";"N";"NUMBER(18,6)";"Y";"";"";""
"CODDISTRIB";"N";"VARCHAR2(4)";"Y";"";"";""
"ABASTEPALETE";"N";"VARCHAR2(1)";"Y";"";"";""
"ABASTEPALETECX";"N";"VARCHAR2(1)";"Y";"";"";""
"FRACIONADO";"N";"VARCHAR2(1)";"Y";"";"";""
"MEDCODFUNCLIBVENDA";"N";"NUMBER(8)";"Y";"";"";""
"MEDDTLIBVENDA";"N";"DATE";"Y";"";"";""
"CODNESTLETERCEIROS";"N";"VARCHAR2(15)";"Y";"'99990010'";"";""
"FATORCONVERSAONESTLE";"N";"NUMBER(10,6)";"Y";"";"";""
"PERCVENDA";"N";"NUMBER(5,2)";"Y";"";"";"Indica o percentual negociado na venda."
"CONFAZ";"N";"VARCHAR2(1)";"Y";"'N'";"";""
"MULTIPLO2";"N";"NUMBER(18,6)";"Y";"";"";""
"ANVISANUMREGMED";"N";"VARCHAR2(20)";"Y";"";"";""
"ANVISAQTEMBALAGEM";"N";"NUMBER(5)";"Y";"";"";""
"ANVISAFORMAFARM";"N";"VARCHAR2(20)";"Y";"";"";""
"ANVISAVIAADM";"N";"VARCHAR2(20)";"Y";"";"";""
"ANVISACLASTERAPEUTICA";"N";"VARCHAR2(40)";"Y";"";"";""
"ANVISAUSOCONTINUO";"N";"VARCHAR2(1)";"Y";"";"";""
"ANVISACAPINSTAL";"N";"NUMBER(11)";"Y";"";"";""
"ANVISACONCEN";"N";"NUMBER(10,2)";"Y";"";"";""
"ANVISAUNDOSAG";"N";"VARCHAR2(3)";"Y";"";"";""
"ANVISANUMPRINCAT";"N";"NUMBER(4)";"Y";"";"";""
"ANVISADESCPRINCAT1";"N";"VARCHAR2(100)";"Y";"";"";""
"ANVISADESCPRINCAT2";"N";"VARCHAR2(100)";"Y";"";"";""
"ANVISADESCPRINCAT3";"N";"VARCHAR2(100)";"Y";"";"";""
"ANVISADESCPRINCAT4";"N";"VARCHAR2(100)";"Y";"";"";""
"ANVISACOEFTEC";"N";"VARCHAR2(20)";"Y";"";"";""
"ANVISAUNCOEFTEC";"N";"VARCHAR2(3)";"Y";"";"";""
"PAISORIGEM";"N";"VARCHAR2(40)";"Y";"";"";""
"TIPOEMBALAGEMNESTLE";"N";"NUMBER(2)";"Y";"";"";""
"CODENDERECOAP";"N";"NUMBER(10)";"Y";"";"";""
"CODENDERECOCX";"N";"NUMBER(10)";"Y";"";"";""
"CUSTOREPZFM";"N";"NUMBER(18,6)";"Y";"";"";""
"CUSTOREPZFMTAB";"N";"NUMBER(18,6)";"Y";"";"";""
"PRECOMAXCONSUMZFM";"N";"NUMBER(18,6)";"Y";"";"";""
"PRECOMAXCONSUMZFMTAB";"N";"NUMBER(18,6)";"Y";"";"";""
"MEXIVA";"N";"NUMBER(10,6)";"Y";"";"";""
"MEXIEPS";"N";"NUMBER(10,6)";"Y";"";"";""
"MEXFPGC";"N";"NUMBER(10,6)";"Y";"";"";""
"USACROSS";"N";"VARCHAR2(1)";"Y";"'S'";"";""
"USAWMS";"N";"VARCHAR2(1)";"Y";"'S'";"";""
"CODGENEROFISCAL";"N";"NUMBER(6)";"Y";"";"";""
"QTMAXGONDULA";"N";"NUMBER(6)";"Y";"";"";""
"QTMINGONDULA";"N";"NUMBER(6)";"Y";"";"";""
"UTILIZARVASILHAME";"N";"VARCHAR2(1)";"Y";"'N'";"";""
"CODVASILHAME";"N";"NUMBER(6)";"Y";"";"";""
"NUMSEQATU";"N";"NUMBER";"Y";"";"";""
"TIPOEMBALAGE";"N";"VARCHAR2(2)";"Y";"'E1'";"";""
"TIPOCARGA";"N";"NUMBER(4)";"Y";"'1'";"";""
"ALIQAVULSADARE";"N";"NUMBER(5,2)";"Y";"";"";""
"PERCBASEREDENT";"N";"NUMBER(10,4)";"Y";"";"";""
"VLIPIPORKG";"N";"NUMBER(18,6)";"Y";"";"";""
"TIPOPISCOFINSRETIDO";"N";"NUMBER(2)";"Y";"";"";""
"ESPECIFICOATIVIDADEPR";"N";"VARCHAR2(1)";"Y";"'S'";"";""
"CODROTINAULTALTER";"N";"NUMBER(6)";"Y";"";"";""
"COMISSAOPORLUCRATIVIDADE";"N";"VARCHAR2(1)";"Y";"";"";""
"VLIPIPESO";"N";"NUMBER(12,4)";"Y";"";"";""
"TIPOCOMISSAO";"N";"VARCHAR2(1)";"Y";"'P'";"";"Define se o produto utiliza Comissão Padrão ou Comissão por Lucratividade."
"TIPOESTOQUE";"N";"VARCHAR2(2)";"Y";"";"";""
"PESOPECA";"N";"NUMBER(20,8)";"Y";"";"";""
"RESTRICAOTRANSP";"N";"VARCHAR2(1)";"Y";"'N'";"";"Define se o produto tem restrição ""N"" (Normal) ou ""C"" (Congelado)."
"CODPRAZOENT";"N";"VARCHAR2(4)";"Y";"";"";"Campo de ligação com o Prazo de Entrega (PCPRAZO), que será usado para cálculo da data de entrega do item do pedido de compra."
"QTMETROS";"N";"NUMBER(18,6)";"Y";"";"";"Na rotina 203, pasta Armazenagem, receberá a metragem do produto."
"PESOPALETE";"N";"NUMBER(10,6)";"Y";"";"";""
"CODENDERECOAL";"N";"NUMBER(10)";"Y";"";"";""
"VALIDARLOTE";"N";"VARCHAR2(1)";"Y";"'S'";"";"Indica se haverá validação de lote."
"CODGRADE";"N";"NUMBER(10)";"Y";"";"";""
"CODCOR";"N";"NUMBER(10)";"Y";"";"";""
"COLUNAGRADE";"N";"NUMBER(2)";"Y";"";"";""
"ISENTOREGMS";"N";"VARCHAR2(2)";"Y";"'S'";"";"Indica se o produto é isento ou não do registro no Ministério da Saúde."
"REGMS";"N";"VARCHAR2(20)";"Y";"";"";"Registro do produto no Ministério da Saúde."
"CODFISCALBONIFIC";"N";"NUMBER(10)";"Y";"";"";"Código Fiscal utilizado nas Entradas Bonificadas."
"CODFISCALSR";"N";"NUMBER(10)";"Y";"";"";"Código Fiscal utilizado nas Entradas de Simples Remessas."
"CUSTOREPANT";"N";"NUMBER(18,6)";"Y";"";"";"Preco de Compra anterior a atualização."
"ESTOQUEPORLOTE";"N";"VARCHAR2(1)";"Y";"";"";""
"PROXNUMLOTE";"N";"NUMBER(8)";"Y";"";"";""
"CONTROLAVALIDADEDOLOTE";"N";"VARCHAR2(1)";"Y";"";"";""
"PREFIXOLOTE";"N";"VARCHAR2(5)";"Y";"";"";""
"PRAZOMEDIOVENDA";"N";"NUMBER(5)";"Y";"";"";"Prazo Médio de Venda. O Produto não poderá ser vendido quando o Prazo Médio é maior que o informado."
"PERCCREDICMPRESUMIDO";"N";"NUMBER(12,4)";"Y";"";"";"Indica o percentual de crédito ICMS presumido para o produto."
"PONTOREPOSICAOAL";"N";"NUMBER(8,2)";"Y";"";"";""
"CAPACIDADEPICKINGAL";"N";"NUMBER(8,2)";"Y";"";"";"Indica capacidade de picking"
"TIPONORMA";"N";"VARCHAR2(1)";"Y";"";"";""
"RECMINARM";"N";"NUMBER(4)";"Y";"";"";""
"NORMAPALETE";"N";"VARCHAR2(10)";"Y";"";"";""
"REDBASEIVA";"N";"NUMBER(18,6)";"Y";"";"";"Será utilizado para Redução da Base de Cálculo de Substituição Tributária na Entrada."
"REDBASEALIQEXT";"N";"NUMBER(18,6)";"Y";"";"";"Será utilizado para Redução da Base de Cálculo da Aliquota Externa ref a substituição Tributária na Entrada."
"QTMINIMAATACADO";"N";"NUMBER(6)";"Y";"";"";""
"QTMINIMAATACADOF";"N";"NUMBER(6)";"Y";"";"";""
"CONCILIAIMPORTACAO";"N";"VARCHAR2(1)";"Y";"";"";"Indica se para o produto deverá ter ou não conciliação de importação."
"PERCBONOUTRAS";"N";"NUMBER(18,6)";"Y";"";"";""
"PERCIMPORTACAO";"N";"NUMBER(12,4)";"Y";"";"";""
"PERCOFINSIMP";"N";"NUMBER(8,2)";"Y";"";"";""
"PERPISIMP";"N";"NUMBER(8,2)";"Y";"";"";""
"VLMAODEOBRA";"N";"NUMBER(12,6)";"Y";"";"";"Valor da Mão de Obra ao montar o Produto."
"PCOMPROF1";"N";"NUMBER(6,2)";"Y";"";"";""
"CODRISCO";"N";"VARCHAR2(4)";"Y";"";"";""
"CODACONDICIONAMENTO";"N";"VARCHAR2(4)";"Y";"";"";""
"CONFERENOCHECKOUT";"N";"VARCHAR2(1)";"Y";"'S'";"";""
"VLCALORICO";"N";"VARCHAR2(100)";"Y";"";"";""
"PROTEINA";"N";"VARCHAR2(100)";"Y";"";"";""
"LIPIDEO";"N";"VARCHAR2(100)";"Y";"";"";""
"UMIDADE";"N";"VARCHAR2(100)";"Y";"";"";""
"COL95";"N";"VARCHAR2(100)";"Y";"";"";""
"SALMONELA";"N";"VARCHAR2(100)";"Y";"";"";""
"BOLORESLEVEDURAS";"N";"VARCHAR2(100)";"Y";"";"";""
"ESTFAUREAUS";"N";"VARCHAR2(100)";"Y";"";"";""
"MOFADO";"N";"VARCHAR2(100)";"Y";"";"";""
"TOTDEFEITO";"N";"VARCHAR2(100)";"Y";"";"";""
"CODAGRUPMAPASEP";"N";"VARCHAR2(2)";"Y";"";"";"Código de Agrupamento de Mapa de Separação, utilizado na rotina 203."
"PERCPERDAKG";"N";"NUMBER(12,4)";"Y";"'0'";"";"Percentual de perda para rendimento de um Kg"
"APROVEITACREDICMS";"N";"VARCHAR2(1)";"Y";"'N'";"";"Indica se o produto será aproveitado crédito ICMS na entrada."
"APROVEITACREDPISCOFINS";"N";"VARCHAR2(1)";"Y";"'N'";"";""
"CUSTOFORNEC";"N";"NUMBER(12,6)";"Y";"";"";"Custo de precificação por fornecedor, calculado a partir do preço de tabela do fornecedor informado pelo usuário."
"PERCDESCICMS";"N";"NUMBER(12,6)";"Y";"";"";"Percentual de desconto a ser aplicado sobre o cálculo do ICMS."
"PERCACRES";"N";"NUMBER(12,6)";"Y";"";"";"Percentual de acréscimo a ser aplicado sobre o custo de precificação por fornecedor."
"PTABELAFORNEC";"N";"NUMBER(12,6)";"Y";"";"";"Preço de tabela do fornecedor, este preço é disponibilizado através de tabela de preços do fornecedor.."
"CHECARMULTIPLOVENDABNF";"N";"VARCHAR2(1)";"Y";"";"";"Checar múltiplo em vendas bonificadas. Verifica obrigatoriedade de venda em quantidades múltiplas no caso de pedido de venda bonificado/troca (tps. 5, 6, 11 e 12)."
"VLICMSANTECIPADO";"N";"NUMBER(18,6)";"Y";"'0'";"";". |Campo do tipo numérico, de tamanho 18, com 6 casas decimais, com valor default 0 , obrigatório."
"CLASSECOMISSAO";"N";"VARCHAR2(2)";"Y";"";"";"Indica a classe para comissionamento do produto."
"FRACAOCIPA";"N";"NUMBER(8)";"Y";"";"";""
"ANALISEDESC";"N";"VARCHAR2(100)";"Y";"";"";"Descontos de Análise."
"VOLPESMED";"N";"VARCHAR2(100)";"Y";"";"";"Volume / Peso e Medida."
"PH";"N";"VARCHAR2(100)";"Y";"";"";"Pesquisa de PH."
"DENSIDADE";"N";"VARCHAR2(100)";"Y";"";"";"Pesquisa de Densidade."
"DOSEAMENTO";"N";"VARCHAR2(100)";"Y";"";"";"Pesquisa de Doseamento."
"CONTMICROBIANA";"N";"VARCHAR2(100)";"Y";"";"";"Contaminação Microbiana."
"IDENTIFICACAO";"N";"VARCHAR2(100)";"Y";"";"";"Identificação da Análise."
"IMPUREZA";"N";"VARCHAR2(100)";"Y";"";"";"Pesquisa de Impurezas."
"FRIABILIDADE";"N";"VARCHAR2(100)";"Y";"";"";"Pesquisa de Friabilidade."
"DESINTEGRACAO";"N";"VARCHAR2(100)";"Y";"";"";"Pesquisa de Desintegração."
"DISSOLUCAO";"N";"VARCHAR2(100)";"Y";"";"";"Pesquisa de Dissolução."
"UNIFORMIDADE";"N";"VARCHAR2(100)";"Y";"";"";"Pesquisa de Uniformidade."
"DIRASSINATURA";"N";"VARCHAR2(140)";"Y";"";"";"Diretório da Assinatura."
"VERSANALISE";"N";"NUMBER(8)";"Y";"1";"";"Versão da Análise."
"CONTLOGANALISE";"N";"NUMBER(8)";"Y";"1";"";""
"PESQPATOGENOS";"N";"VARCHAR2(100)";"Y";"";"";"Pesquisa de Patógenos."
"USAPULMAOREGULADOR";"N";"VARCHAR2(1)";"Y";"";"";""
"QTPULMAOREGULADOR";"N";"NUMBER(4)";"Y";"";"";""
"CODENDERECOPA";"N";"NUMBER(10)";"Y";"";"";""
"CAPACIDADEPA";"N";"NUMBER(8,2)";"Y";"";"";""
"PONTOREPOSICAOPA";"N";"NUMBER(8,2)";"Y";"";"";""
"CODPRODEMBALAGEM";"N";"NUMBER(6)";"Y";"";"";"Indica o código da embalagem."
"CONSIDERARICMSANTECIPCUSTO";"N";"VARCHAR2(1)";"Y";"'S'";"";"Considerar ICMS Atencipado no Custo."
"PERCOFINS";"N";"NUMBER(12,4)";"Y";"";"";"Indica o percentual de COFINS."
"PERCREDICMS";"N";"NUMBER(12,4)";"Y";"";"";"Indica o percentual de crédito ICMS."
"DTIMPORTINTEGRACAO";"N";"DATE";"Y";"";"";"Data da última importação do registro na filial de destino da informação."
"DTULTALTER";"N";"DATE";"Y";"";"";"Data da última alteração do registro no banco de dados."
"UMIDADEANALISE";"N";"VARCHAR2(100)";"Y";"";"";"CAMPO DE ANALISE DE UMIDADE DA AMOSTRA."
"PERCDIFERENCAKGFRIO";"N";"NUMBER(12,4)";"Y";"";"";"Indica o percentual de diferença no kg de produtos frios."
"REDBASEALIQEXTBCR";"N";"NUMBER(18,6)";"Y";"";"";"Indica a redução base BCR."
"PERCALIQEXTBCR";"N";"NUMBER(12,4)";"Y";"";"";"Indica à aliquota externa BCR."
"PERCALIQINTBCR";"N";"NUMBER(12,4)";"Y";"";"";"Indica á aliquota interna BCR."
"VLADICIONALBCSTBCR";"N";"NUMBER(18,6)";"Y";"";"";"Indica o valor adicional base BCR."
"VLPAUTABCR";"N";"NUMBER(18,6)";"Y";"";"";"Indica valor pauta BCR."
"REDBASEIVABCR";"N";"NUMBER(18,6)";"Y";"";"";"Indica redução base IVA BCR."
"PERCIVABCR";"N";"NUMBER(10,2)";"Y";"";"";"Indica o % IVA BCR."
"CALCCREDIPI";"N";"VARCHAR2(1)";"Y";"'N'";"";"Calcular Custo com Crédito de IPI (Compra)."
"ENVIARFORCAVENDAS";"N";"VARCHAR2(1)";"Y";"'S'";"";"Informa se envia para o força de vendas."
"DADOSTECNICOS";"N";"CLOB";"Y";"";"";"Informa os dados técnicos do produto. "
"CODFISCALENTTRANSF";"N";"NUMBER(4)";"Y";"";"";"Indica o código fiscal de entrada por transferência."
"PRAZOMINVALIDADE";"N";"NUMBER(5,2)";"Y";"";"";"Indica o % prazo minimo vencimento produto."
"PRAZOMAXVALIDADE";"N";"NUMBER(5,2)";"Y";"";"";"Indica o % prazo máximo vencimento produto."
"UTILIZAPRECOMAXCONSUMIDOR";"N";"VARCHAR2(1)";"Y";"'N'";"";"Indica se utiliza preço máximo consumidor."
"PERCIMPPRODUTORURAL";"N";"NUMBER(12,4)";"Y";"";"";"Indica o percentual do imposto do produtor rural."
"DESTAQUEFICHATECNICA";"N";"VARCHAR2(1)";"Y";"'N'";"";"Indica destaque na ficha técnica."
"NUMPAG";"N";"NUMBER(4)";"Y";"";"";"Indica o numero da página."
"LETRAPAGINA";"N";"VARCHAR2(1)";"Y";"";"";"Indica a letra da página."
"SEQPAGINA";"N";"NUMBER(4)";"Y";"";"";"Indica o numero da linha."
"CODONU";"N";"VARCHAR2(4)";"Y";"";"";"Indica o número da ONU do produto quimico."
"NATUREZAPRODUTO";"N";"VARCHAR2(2)";"Y";"";"";"Indica a natureza do produto."
"DATAVOCOLLECT";"N";"DATE";"Y";"";"";"."
"PERCICMSFRETEFOBST";"N";"NUMBER(12,4)";"Y";"";"";"Percentual de crédito de ICMS sobre o valor Frete FOB, utilizado no calculo do ST"
"PERCICMSFRETEFOBSTBCR";"N";"NUMBER(12,4)";"Y";"";"";"Percentual de crédito de ICMS sobre o valor Frete FOB, utilizado no calculo do STBCR"
"PERCIPIVENDATAB";"N";"NUMBER(10,2)";"Y";"";"";"Indica o % do IPI venda futuro."
"VLPAUTAIPIVENDA";"N";"NUMBER(18,6)";"Y";"";"";"Indica a pauta IPI venda."
"VLPAUTAIPIVENDATAB";"N";"NUMBER(18,6)";"Y";"";"";"Indica a pauta IPI venda futuro."
"VLIPIPORKGVENDA";"N";"NUMBER(18,6)";"Y";"";"";"Indica o IPI/KG venda."
"VLIPIPORKGVENDATAB";"N";"NUMBER(18,6)";"Y";"";"";"Indica o IPI/KG venda futuro."
"IMUNETRIB";"N";"VARCHAR2(1)";"Y";"'N'";"";"Imune de Tributação."
"CODFORMATOPAPEL";"N";"NUMBER(6)";"Y";"";"";"Código do formato do papel."
"GRAMATURA";"N";"NUMBER(7,3)";"Y";"";"";"Gramatura do papel."
"CODUNIDMEDIDANF";"N";"NUMBER(2)";"Y";"";"";"Código da unidade de medida utilizada na Nota Fiscal."
"FATORCONVERSAOKG";"N";"NUMBER(14,3)";"Y";"";"";"Fator de conversão do peso."
"DESCPAPEL";"N";"VARCHAR2(60)";"Y";"";"";"Descrição do produto para sistema DIF-PAPEL IMUNE."
"CODFISCALCONSIGFAT";"N";"NUMBER(10)";"Y";"";"";"Indica o código fiscal compra produto consignação."
"PERCDIFALIQUOTAS";"N";"NUMBER(8,4)";"Y";"";"";"Indica o percentual de diferença de alíquota."
"VLDIFALIQUOTAS";"N";"NUMBER(18,6)";"Y";"";"";"Indica o valor da diferença de alíquota."
"PESOVARIAVEL";"N";"VARCHAR2(1)";"Y";"'S'";"";"Indica se o peso e variável."
"VLPAUTAICMS";"N";"NUMBER(18,6)";"Y";"";"";"Indica o valor de pauta ICMS."
"VLADICIONALBCST";"N";"NUMBER(18,6)";"Y";"";"";"Indica o valor adicional da base ST."
"COMPRACONSIGNADO";"N";"VARCHAR2(1)";"Y";"'N'";"";"Indica o produto em consignação."
"CODFISCALCONSIG";"N";"NUMBER(10)";"Y";"";"";"Indica o código fiscal para produto consignado."
"PRAZOGARANTIA";"N";"NUMBER(5)";"Y";"";"";"Indica o prazo de garantia do produto."
"CONTROLANUMSERIE";"N";"VARCHAR2(1)";"Y";"";"";"Indica que o produtco controla número de série."
"QTDEMAXSEPARPEDIDO";"N";"NUMBER(4)";"Y";"";"";"Indica a quantidade máxima para separação por pedido."
"PERCDESPFORANF";"N";"NUMBER(12,4)";"Y";"";"";"Indica o percentual de despesa fora da nota."
"PRAZOMAXINDENIZACAO";"N";"NUMBER(3)";"Y";"";"";"Indica o prazo máximo para indenização ou troca."
"CODFILIALRETIRA";"N";"VARCHAR2(2)";"Y";"";"";"Indica o código da filial retira padrão."
"CODMARCA";"N";"NUMBER(8)";"Y";"";"";"Indica o peso da embalagem."
"PESOEMBALAGEM";"N";"NUMBER(14,7)";"Y";"";"";"Indica o peso da embalagem."
"EX_DOSEAMENTO";"N";"VARCHAR2(1)";"Y";"'S'";"";"Exibir o doseamento do produto."
"EX_IMPUREZA";"N";"VARCHAR2(1)";"Y";"'S'";"";"Exibir impureza do produto."
"MARCA";"N";"VARCHAR2(20)";"Y";"";"";"Indica do produto."
"CONTROLANUMSERIA";"N";"VARCHAR2(1)";"Y";"";"";"Indica se controla o número de série."
"PVENDA";"N";"NUMBER(24,6)";"Y";"";"";"Indica o preço de tabela do serviço."
"DTULTALTERSRVPRC";"N";"DATE";"Y";"";"";"Indica a data da ultima alteração nesta tabela."
"EX_UMIDADE";"N";"VARCHAR2(1)";"Y";"";"";"Indica se exibe umidade do produto."
"EX_COL95";"N";"VARCHAR2(1)";"Y";"";"";"Indica se exibe col 95º."
"EX_SALMONELA";"N";"VARCHAR2(1)";"Y";"";"";"Indica se exibe salmonela."
"EX_BOLORESLEVEDURAS";"N";"VARCHAR2(1)";"Y";"";"";"Indica se exibe bolores e leveduras."
"EX_ESTFAUREAUS";"N";"VARCHAR2(1)";"Y";"";"";"Indica se exibe estafilococos aureas."
"EX_MOFADO";"N";"VARCHAR2(1)";"Y";"";"";"Indica se exibe mofado."
"EX_TOTDEFEITO";"N";"VARCHAR2(1)";"Y";"";"";"Indica se exibe total de defeitos."
"EX_VLCALORICO";"N";"VARCHAR2(1)";"Y";"";"";"Indica se exibe valor calorico."
"EX_PROTEINA";"N";"VARCHAR2(1)";"Y";"";"";"Indica se exibe proteina."
"EX_LIPIDEO";"N";"VARCHAR2(1)";"Y";"";"";"Indica se exibe lipídeos."
"EX_VOLPESMED";"N";"VARCHAR2(1)";"Y";"";"";"Indica se exibe volume e peso médio."
"EX_ANALISEDESC";"N";"VARCHAR2(1)";"Y";"";"";"Indica se exibe descrição da análise."
"EX_UNIFORMIDADE";"N";"VARCHAR2(1)";"Y";"";"";"Indica se exibe uniformidades."
"EX_DISSOLUCAO";"N";"VARCHAR2(1)";"Y";"";"";"Indica se exibe dissolução."
"EX_DESINTEGRACAO";"N";"VARCHAR2(1)";"Y";"";"";"Indica se exibe desintegração."
"EX_FRIABILIDADE";"N";"VARCHAR2(1)";"Y";"";"";"Indica se exibe friabilidade."
"EX_IDENTIFICACAO";"N";"VARCHAR2(1)";"Y";"";"";"Indica se exibe identificação."
"EX_PESQPATOGENOS";"N";"VARCHAR2(1)";"Y";"";"";"Indica se exibe pesquisa de patogenos."
"EX_CONTMICROBIANA";"N";"VARCHAR2(1)";"Y";"";"";"Indica se exibe contaminação microbiana."
"EX_DENSIDADE";"N";"VARCHAR2(1)";"Y";"";"";"Indica se exibe densidade."
"EX_PH";"N";"VARCHAR2(1)";"Y";"";"";"Indica se exibe PH."
"UNDPOREMBALAGEM";"N";"NUMBER(8,2)";"Y";"";"";"Indica a unidades por embalagem."
"PERCICMSDIFERIDO";"N";"NUMBER(8,4)";"Y";"";"";"Indica o percentual do ICMS diferido."
"NUMDIASVALIDADEMIN";"N";"NUMBER(8)";"Y";"";"";"Numero de dias mínimo de validade."
"PRECIFICESTRANGEIRA";"N";"VARCHAR2(1)";"Y";"'N'";"";"Verifica se a precificação é feita em moeda estrangeira ou não."
"PERCSEGURO";"N";"NUMBER(14,4)";"Y";"";"";"Indica o percentual de seguro."
"PERCDESPDENTRONF";"N";"NUMBER(14,4)";"Y";"";"";"Indica o percentual outras despesa na NF."
"QTDMAXSEPARARPEDIDO";"N";"NUMBER(4)";"Y";"";"";"Indica a quantidade máxima para separação por pedido."
"FUNDAPIANO";"N";"VARCHAR2(1)";"Y";"'N'";"";"Produto pertencente ao FUNDAP, legislação do Espirito Santos, para impressão de livros fiscais."
"PERCDESCICMSDIF";"N";"NUMBER(8,4)";"Y";"";"";"Percentual do desconto de ICMS Difererido."
"CODPRODDNF";"N";"NUMBER(3)";"Y";"";"";"Código do produto para geração DNF."
"CAPVOLDNF";"N";"NUMBER(5)";"Y";"";"";"Capacidade volumétrica para geração DNF."
"FATORCONVDNF";"N";"NUMBER(18,6)";"Y";"";"";"Fator de conversão a aplicar sobre a unidade de venda para geração DNF."
"PERCALIQEXTGUIA";"N";"NUMBER(12,4)";"Y";"";"";"Percentual da alíquota externa para calculo do ST Guia."
"CODPRODRELEV";"N";"NUMBER(10)";"Y";"";"";"Código do produto relevante."
"DTALTCUSTOFORNEC";"N";"DATE";"Y";"";"";"Data alteração custo fornecedor."
"CONTROLAPATRIMONIO";"N";"VARCHAR2(1)";"Y";"'S'";"";"Verifica-se se o produto terá controle ou não de numeração de patrimônio."
"BASEPISCOFINSLITRAGEM";"N";"NUMBER(18,6)";"Y";"";"";"Base PIS/COFINS litragem."
"VALORPISLITRAGEM";"N";"NUMBER(18,6)";"Y";"";"";"Valor PIS/COFINS litragem."
"VALORCOFINSLITRAGEM";"N";"NUMBER(18,6)";"Y";"";"";"Valor PIS/COFINS litragem."
"PISRETIDO";"N";"NUMBER(5,2)";"Y";"";"";"Percentual de PIS retido venda."
"COFINSRETIDO";"N";"NUMBER(5,2)";"Y";"";"";"Percentual de COFINS retido venda."
"IRRETIDO";"N";"NUMBER(5,2)";"Y";"";"";"Percentual de IR retido venda."
"CSLLRETIDO";"N";"NUMBER(5,2)";"Y";"";"";"Percentual de CSLL retido venda."
"EXTIPI";"N";"VARCHAR2(3)";"Y";"";"";"Exc eção da TIPI para gravação do arquivo XML NFe."
"ANVISA";"N";"VARCHAR2(20)";"Y";"";"";"Código do produto na Anvisa."
"SIMPRO";"N";"VARCHAR2(20)";"Y";"";"";"Código do produto no Simpro."
"VLRAPLICINT";"N";"NUMBER(18,6)";"Y";"";"";"Valor interno para Integração APLIC."
"SUBSTANCIA";"N";"VARCHAR2(10)";"Y";"";"";"Gravar a substancia do produto para obter um controle especial"
"CODEXCECAOPISCOFINS";"N";"NUMBER(6)";"Y";"";"";"Código da exceção PIS/COFINS"
"NOMEECOMMERCE";"N";"VARCHAR2(200)";"Y";"";"";"Nome do produto para e-commerce"
"TITULOECOMMERCE";"N";"VARCHAR2(200)";"Y";"";"";"Título do produto para e-commerce"
"SUBTITULOECOMMERCE";"N";"VARCHAR2(200)";"Y";"";"";"Subtitulo do produto para e-commerce"
"DIRETORIOFOTOS";"N";"VARCHAR2(200)";"Y";"";"";"Diretório de imagens para e-commerce"
"DTEXPORTACAOWMS";"N";"DATE";"Y";"";"";"Data  e hora de exportação"
"DTIMPORTACAOWMS";"N";"DATE";"Y";"";"";"Data  e hora de importação"
"CODNCMEX";"N";"VARCHAR2(20)";"Y";"";"";"Código de exceção de NCM"
"CODLINHANESTLE";"N";"NUMBER(4)";"Y";"";"";"Código da Linha Nestlé"
"GTINCODAUXILIAR";"N";"NUMBER(2)";"Y";"";"";"Apresenta o padrão de código de barras GTIN"
"GTINCODAUXILIAR2";"N";"NUMBER(2)";"Y";"";"";"Apresenta o padrão de código de barras GTIN"
"CODSITTRIBPISCOFINSDEV";"N";"NUMBER(3)";"Y";"";"";"Código Situação Tributaria PIS/COFINS devolução"
"SITTRIBUTENT";"N";"VARCHAR2(3)";"Y";"";"";"Código situação tributaria entrada"
"SITTRIBUTDEV";"N";"VARCHAR2(3)";"Y";"";"";"Código situação tributaria devolucao"
"GERAICMSLIVROFISCALDEVFORNEC";"N";"VARCHAR2(1)";"Y";"'S'";"";"Gerar icms livro fiscal na devolução fornecedor"
"CODFISCALENTTV9";"N";"NUMBER(8)";"Y";"";"";"Apresenta o Código fiscal de entrada TV9"
"LITRAGEM";"N";"NUMBER(18,6)";"Y";"";"";"APRESENTA A LITRAGEM DO PRODUTO"
"SUGVENDA";"N";"NUMBER(2)";"Y";"'0'";"";"Sugerir preço venda baseado"
"VLPAUTAPISCOFINS";"N";"NUMBER(18,6)";"Y";"";"";"Valor pauta PIS/COFINS"
"USAPISCOFINSLIT";"N";"VARCHAR2(1)";"Y";"";"";"Usa PIS/COFINS por litragem"
"BASEPISCOFINSLIT";"N";"NUMBER(18,6)";"Y";"";"";"Base PIS/COFINS por litragem"
"VLPISLIT";"N";"NUMBER(18,6)";"Y";"";"";"Valor PIS por litragem"
"VLCOFINSLIT";"N";"NUMBER(18,6)";"Y";"";"";"Valor COFINS por litragem"
"VLPAUTAPISCOFINSIMP";"N";"NUMBER(18,6)";"Y";"";"";"Valor pauta PIS/COFINS"
"USAPISCOFINSLITIMP";"N";"VARCHAR2(1)";"Y";"";"";"Usa PIS/COFINS por litragem"
"BASEPISCOFINSLITIMP";"N";"NUMBER(18,6)";"Y";"";"";"Base PIS/COFINS por litragem"
"VLPISLITIMP";"N";"NUMBER(18,6)";"Y";"";"";"Valor PIS por litragem"
"VLCOFINSLITIMP";"N";"NUMBER(18,6)";"Y";"";"";"Valor COFINS por litragem"
"CODSITTRIBPISCOFINS";"N";"NUMBER(3)";"Y";"";"";"Indica o Código da Situação Tributária Referente ao PIS/COFINS"
"ROTINALANC";"N";"VARCHAR2(48)";"Y";"";"";"ROTINA QUE GRAVOU A INFORMACAO"
"VLFRETEPORKG";"N";"NUMBER(18,6)";"Y";"";"";"Valor de frete FOB por kg"
"CODTRIBPISCOFINS";"N";"NUMBER(4)";"Y";"";"";"Código da figura tributária para cálculo do PIS/COFINS"
"PERCMVAORIG";"N";"NUMBER(12,4)";"Y";"";"";"Percentual de MVA Original para cálculo do MVA ajustado"
"ASSINATURA";"N";"VARCHAR2(255)";"Y";"";"";"Código MD-5"
"APLICREDBASEIVAPLIQ";"N";"VARCHAR2(1)";"Y";"'N'";"";"Aplicar redução base IVA preço liquido"
"APLICREDBASEIVAPLIQBCR";"N";"VARCHAR2(1)";"Y";"'N'";"";"Aplicar redução base IVA preço liquido BCR"
"DTINICONTLOTE";"N";"DATE";"Y";"";"";"Data de início do controle de validade por lote."
"CLASSEFLOW";"N";"VARCHAR2(6)";"Y";"";"";"Contempla Fluxo de Produtos"
"CONCENTRACAO";"N";"NUMBER(6)";"Y";"";"";"Concentração do Produto"
"VLIPI";"N";"NUMBER(18,6)";"Y";"";"";"Valor do IPI"
"SITTRIBUTDEVFORNEC";"N";"VARCHAR2(3)";"Y";"";"";"SITUAÇÃO TRIBUTARIA DEVOLUÇÃO FORNECEDOR"
"CODFISCALDEVFORNEC";"N";"NUMBER(8)";"Y";"";"";"CFOP DEVOLUÇÃO FORNECEDOR"
"PRAZOMAXVENDA";"N";"NUMBER(5)";"Y";"";"";"PRAZO MÁXIMO VENDA"
"CATERGORIA";"N";"VARCHAR2(2)";"Y";"";"";"Categoria de Produtos."
"CODLINHA";"N";"NUMBER(8)";"Y";"";"";"Código da linha de produção."
"PERCQUEBRAPRODUCAO";"N";"NUMBER(18,6)";"Y";"";"";"Percentual de quebra permitido."
"PERMITEPRODUCAO";"N";"VARCHAR2(1)";"Y";"";"";"Permite programar produção."
"LINHAPROD";"N";"NUMBER(6)";"Y";"";"";"Código da Linha de Produto."
"QTPRODUZIR";"N";"NUMBER(18,6)";"Y";"";"";"Quantidade a produzir."
"APLICPERCIVAPAUTA";"N";"VARCHAR2(1)";"Y";"'N'";"";"Aplica %IVA sobre a Pauta ST.."
"INVENTARIOPARCIAL";"N";"VARCHAR2(1)";"Y";"'N'";"";"Indica se faz parte de inventário parcial."
"CODTABLIT";"N";"VARCHAR2(2)";"Y";"";"";"Código da Tabela de Litragem"
"CODGRULIT";"N";"VARCHAR2(2)";"Y";"";"";"Código do Grupo de Litragem"
"IPIPORVALOR";"N";"VARCHAR2(1)";"Y";"";"";"Define se o produto utiliza IPI com valor fixo"
"PERCCARGATRIBMEDIA";"N";"NUMBER(18,6)";"Y";"";"";"Percentual de carga tributária média, utilizado no SEFAZ MT para calculo da substituição tributária"
"CODLINHAPRAZO";"N";"NUMBER(6)";"Y";"";"";"Campo numérico para o usuario informar o Codigo da linha de prazo"
"VLPAUTAICMSANTEC";"N";"NUMBER(18,6)";"Y";"";"";"Valor de pauta de ICMS Antecipado"
"ATUPESOMASTERENT";"N";"VARCHAR2(1)";"Y";"'S'";"";"Campo para verificar se na entrada do produto tem que validar o peso master"
"NUMCASASDECREDUCAOICMS";"N";"NUMBER(2)";"Y";"'2'";"";"Permitir que o usuário defina a quantidade de casas decimais que devem ser consideradas durante o cálculo de redução de ICMS"
"CODDEPTOWEB";"N";"NUMBER(10)";"Y";"";"";"Codigo do Departamento na WEB"
"CODSECAOWEB";"N";"NUMBER(10)";"Y";"";"";"Codigo da Seção na WEB"
"CODCATEGORIAWEB";"N";"NUMBER(10)";"Y";"";"";"Codigo da Categoria na WEB"
"CODSUBCATEGORIAWEB";"N";"NUMBER(10)";"Y";"";"";"Codigo da SubCategoria na WEB"
"CUSTOREPTABANT";"N";"NUMBER(18,6)";"Y";"";"";"Gravar o valor do preço fabrica anterior."
"CUSTOREPZFMANT";"N";"NUMBER(18,6)";"Y";"";"";"Gravar o valor do preço Fabrica ZF manaus anterior"
"PRECOMAXCONSUMTABANT";"N";"NUMBER(18,6)";"Y";"";"";"Gravar o valor do preço Maximo cosumidor anterior"
"PRECOMAXCONSUMZFMANT";"N";"NUMBER(18,6)";"Y";"";"";"Gravar o valor do preço maximo cosumidor ZF manaus anterior"
"OSCOMODATO";"N";"VARCHAR2(1)";"Y";"'N'";"";"Campo para definir se o serviço é de comodato."
"OBRIGAPREENCCONTRATO";"N";"VARCHAR2(1)";"Y";"'N'";"";"Campo para definir se para esse serviço será obrigatório informar o numero do contrato de comodato na criação da OS."
"GERAOSAUTOMATIC";"N";"VARCHAR2(1)";"Y";"'N'";"";"Campo para definir que ao fechar a Ordem de serviço o sistema deve gerar outra ordem de serviço automaticamente."
"NUMSERVICO";"N";"NUMBER(6)";"Y";"";"";"Campo para definir qual o serviço que deve contar na OS gerada automaticamente."
"RESTRINGECOTACAO";"N";"VARCHAR2(1)";"Y";"'N'";"";"APRESENTA SE O PRODUTO DEVE SER RESTRITO PARA COTAÇÃO"
"TIPOMEDICAMENTO";"N";"VARCHAR2(1)";"Y";"'N'";"";"Descrição do tipo de medicamento."
"GRUPOFATURAMENTO";"N";"VARCHAR2(1)";"Y";"'N'";"";"GRUPO DE FATURAMENTO DO PRODUTO. UTILIZADO PARA EMPRESAS DO RAMO DE MEDICAMENTO."
"USAPMCBASEST";"N";"VARCHAR2(1)";"Y";"";"";"Usa PMC base ST"
"PERCREDPMC";"N";"NUMBER(12,4)";"Y";"";"";"Perc.redução PMC"
"VLIPISUSPENSO";"N";"NUMBER(18,6)";"Y";"";"";"Valor do IPI suspenso"
"PERCIPISUSPENSO";"N";"NUMBER(12,4)";"Y";"";"";"Percentual do IPI suspenso"
"MYFROTA";"N";"VARCHAR2(1)";"Y";"'N'";"";"Enviar para o myFrota"
"CODSITTRIBST";"N";"VARCHAR2(2)";"Y";"";"";"GRAVAR O CÓDIGO DA SITUAÇÃO TRIBUTÁRIA ST"
"PERCICMSBASEICMSANTECIPADO";"N";"NUMBER(12,4)";"Y";"";"";"Aliq. Para base do ICMS antecipado"
"PERCDESC1TAB";"N";"NUMBER(12,4)";"Y";"";"";"Percentual de desconto comercial 1 futuro"
"PERCDESC2TAB";"N";"NUMBER(12,4)";"Y";"";"";"Percentual de desconto comercial 1 futuro"
"PERCDESC3TAB";"N";"NUMBER(12,4)";"Y";"";"";"Percentual de desconto comercial 1 futuro"
"PERCDESC4TAB";"N";"NUMBER(12,4)";"Y";"";"";"Percentual de desconto comercial 1 futuro"
"PERCDESC5TAB";"N";"NUMBER(12,4)";"Y";"";"";"Percentual de desconto comercial 1 futuro"
"PERCDESC6TAB";"N";"NUMBER(12,4)";"Y";"";"";"Percentual de desconto comercial 1 futuro"
"PERCDESC7TAB";"N";"NUMBER(12,4)";"Y";"";"";"Percentual de desconto comercial 1 futuro"
"PERCDESC8TAB";"N";"NUMBER(12,4)";"Y";"";"";"Percentual de desconto comercial 1 futuro"
"PERCDESC9TAB";"N";"NUMBER(12,4)";"Y";"";"";"Percentual de desconto comercial 1 futuro"
"PERCDESC10TAB";"N";"NUMBER(12,4)";"Y";"";"";"Percentual de desconto comercial 1 futuro"
"DTVIGENCIAPOLITICA";"N";"DATE";"Y";"";"";"Data de virgência da política comercial"
"GERABASEPISCOFINSSEMALIQ";"N";"VARCHAR2(1)";"Y";"";"";"Defina se deve gerar base de PIS/CONFINS mesmo quando não for informado aliquotas de PIS/CONFINS"
"USALICENCAIMPORTACAO";"N";"VARCHAR2(1)";"Y";"";"";"Utiliza licença de importação"
"MULTIPLOCOMPRAS";"N";"NUMBER(18,6)";"Y";"";"";"Quantidade múltipla de compras do produto"
"CALCCREDIPICONT";"N";"VARCHAR2(1)";"Y";"";"";"Calcula crédito IPI custo contabil na importação"
"APROVEITACREDICMSCONT";"N";"VARCHAR2(1)";"Y";"";"";"Aproveita crédito ICMS custo contabil na importação"
"APROVEITACREDPISCOFINSCONT";"N";"VARCHAR2(1)";"Y";"";"";"Aproveita crédito PIS/COFINS custo contabil na importação"
"ENVIASNGPC";"N";"VARCHAR2(1)";"Y";"'N'";"";"Envia SNGPC [S-Sim;N-Não]"
"REGISTROMSMED";"N";"VARCHAR2(13)";"Y";"";"";"Registro do Medicamento no Ministério da Saúde"
"QTMINSUGCOMPRA";"N";"NUMBER(22,8)";"Y";"";"";"Qtde Mínima para compra"
"ENVIAINFTECNICANFE";"N";"VARCHAR2(1)";"Y";"'N'";"";"Informações Técnicas"
"CONTROLADOIBAMA";"N";"VARCHAR2(1)";"Y";"'N'";"";"Controlado pelo IBAMA"
"CESTABASICALEGIS";"N";"VARCHAR2(1)";"Y";"'N'";"";"Cesta Básica - Legislação"
"CODINTERNO";"N";"VARCHAR2(20)";"Y";"";"";""
"APLICACOES";"N";"VARCHAR2(500)";"Y";"";"";""
"CODUSUULTALTCOM";"N";"NUMBER(8)";"Y";"";"";"Ultimo usuario altera politica comercial"
"UTILIZASELO";"N";"VARCHAR2(1)";"Y";"'N'";"";"Identifica se o produto utiliza controle de selo IPI"
"IDINTEGRACAOMYFROTA";"N";"RAW(16)";"Y";"SYS_GUID()";"";"Identifica a integração com My Frota."
"ALTURA";"N";"NUMBER(10,4)";"Y";"";"";"Altura do Produto."
"ALTURATOTAL";"N";"NUMBER(10,4)";"Y";"";"";"Altura Total do Produto."
"ANP";"N";"NUMBER(9)";"Y";"";"";"Código ANP utilizado em combustiveis."
"CODCLASSETERAPEUTSNGPC";"N";"NUMBER(2)";"Y";"";"";"Código da classe terapêutica na ANVISA"
"CODFISCALCOCOMPRA";"N";"NUMBER(8)";"Y";"";"";"CFOP Compra e Ordem - Compra"
"CODFISCALCOREMESSA";"N";"NUMBER(8)";"Y";"";"";"CFOP Compra e Ordem - Remessa"
"CODFISCALDEVOPLOG";"N";"NUMBER(8)";"Y";"";"";"Código Fiscal Devolução Transf. Operador Logístico"
"CODFISCALENTOPLOG";"N";"NUMBER(8)";"Y";"";"";"Código Fiscal Entrada Transf. Operador Logístico"
"CODPRODANTUTICAD";"N";"VARCHAR2(20)";"Y";"";"";"Código produto antes utilizar cadastro produto Winthor"
"CODPRODFORNEC";"N";"NUMBER(6)";"Y";"";"";"Código do Produto do Fornecedor"
"CODROTINAULTALTCOM";"N";"NUMBER(8)";"Y";"";"";"Código da última rotina que fez ateração comercial no produto."
"CODROTINAULTALTCOMTAB";"N";"NUMBER(8)";"Y";"";"";"código da última rotina que fez ateração comercial no produto tab."
"CODSUBMARCA";"N";"NUMBER(6)";"Y";"";"";"Submarca do Produto"
"CODTIPORECEIT";"N";"NUMBER(1)";"Y";"";"";"CÓDIGO DO TIPO USO RECEITUÁRIO."
"CODTIPOUSOMED";"N";"NUMBER(1)";"Y";"";"";"CÓDIGO DO TIPO USO MÉDICO."
"CODUSUULTALTCOMTAB";"N";"NUMBER(8)";"Y";"";"";"Código do último usuário que fez ateração comercial no produto."
"COMISSAOSERVICOPRESTADO";"N";"NUMBER(12,2)";"Y";"";"";"Comissão serviço prestado."
"CONSIISUSPENSOBASEICMS";"N";"VARCHAR2(1)";"Y";"";"";"Considera II Suspenso base ICMS."
"CONSIPISUSPENSOBASEICMS";"N";"VARCHAR2(1)";"Y";"";"";"Considera IPI Suspenso base ICMS."
"CUSTOFORNECSEMST";"N";"NUMBER(18,6)";"Y";"";"";"Valor do Custo Fornecedor sem ST."
"CUSTOPROXIMACOMPRASEMST";"N";"NUMBER(18,6)";"Y";"";"";"Valor do Custo da próxima compra sem ST."
"DIAMETROEXTERNO";"N";"NUMBER(10,4)";"Y";"";"";"Diâmetro externo do produto."
"DIAMETROINTERNO";"N";"NUMBER(10,4)";"Y";"";"";"Diâmetro interno do produto."
"DIASCONSECENT";"N";"NUMBER(2)";"Y";"";"";"Dias úteis consecutivos para entrega"
"DSCPRODANTUTICAD";"N";"VARCHAR2(60)";"Y";"";"";"Descrição produto antes utilizar cadastro produto Winthor"
"DTFINUTICODPRODANTUTICAD";"N";"DATE";"Y";"";"";"Data final utilização código produto antes utilizar cadastro produto Winthor"
"DTINICODPRODANTUTICAD";"N";"DATE";"Y";"";"";"Data início código produto antes utilizar cadastro produto Winthor"
"DTPRIMOVNOVCODPROD";"N";"DATE";"Y";"";"";"Data primeira Movimentação novo código produto Winthor"
"DTULTATUPCOMPRA";"N";"DATE";"Y";"";"";"Data da última atualização do preço de compra"
"FARMACIAPOPULAR";"N";"VARCHAR2(1)";"Y";"";"";"Produto da Farmácia Popular"
"FATORCONVTRIB";"N";"NUMBER(12,6)";"Y";"";"";"Fator Conversão NF-e"
"IDDESTAQUE";"N";"VARCHAR2(8)";"Y";"";"";"Código do cadastro de Destaques importação rotina 3006."
"IDEMBALAGEM";"N";"NUMBER(10)";"Y";"";"";"Código Identificação Embalagem"
"IECTEREF";"N";"NUMBER(10,4)";"Y";"";"";"Inscrição estadual do cte referenciado"
"INDUZLOTE";"N";"VARCHAR2(1)";"Y";"";"";"Induzir Lotes"
"NUMREGAGRMAP";"N";"VARCHAR2(10)";"Y";"";"";"Número Registro Agrotóxico MAPA"
"PERCOFINS_SERVICO";"N";"NUMBER(12,4)";"Y";"";"";"Referente ao %COFINS de Serviço cadastrado"
"PERCPRODEIC";"N";"NUMBER(18,2)";"Y";"";"";"Percentual benefício PRODEIC utilizado no relatório do PRODEIC da rotina 1031"
"PERPIS_SERVICO";"N";"NUMBER(12,4)";"Y";"";"";"Referente ao %PIS de Serviço cadastrado"
"PESOMAXIMO";"N";"NUMBER(12,6)";"Y";"";"";"Peso máximo"
"PESOMINIMO";"N";"NUMBER(12,6)";"Y";"";"";"Peso mínimo"
"PRECIFICACAOAUTOMATICA";"N";"VARCHAR2(2)";"Y";"";"";"Informar se o produto poder ser precificado automáticamente"
"RETINOICO";"N";"VARCHAR2(1)";"Y";"";"";"Campo que define se o produto será do tipo retinoico sim ou não."
"SITTRIBUT_SERVICO";"N";"VARCHAR2(3)";"Y";"";"";"Referente ao CST de saída de Serviço cadastrado"
"STATUSSUCATA";"N";"NUMBER(1)";"Y";"";"";"Define se o produto deve: devolver, não devolver ou calcular a sucata."
"TAMANHOPECA";"N";"NUMBER(10,4)";"Y";"";"";"Tamanho da peça na bitola pra pesquisa na 316"
"TARAPORPECA";"N";"NUMBER(18,6)";"Y";"";"";"TARA do Produto Por Peça"
"TIPOCUSTOTRANSF";"N";"VARCHAR2(1)";"Y";"";"";"Tipo de Custo de Transferência de Venda"
"TIPOEMBARQUEIMP";"N";"VARCHAR2(50)";"Y";"";"";"Tipo de embarque para importação"
"UNIDADETRIB";"N";"VARCHAR2(6)";"Y";"";"";"Unidade Tributável"
"USOPROLONGADOSNGPC";"N";"VARCHAR2(1)";"Y";"";"";"""""""Uso Prolongado na ANVISA	"""""""
"VALORTARAPORPECA";"N";"NUMBER(18,6)";"Y";"";"";"Valor TARA Por Peça"
"NUMEROSSERIECONTROLADOS";"N";"NUMBER(10)";"Y";"0";"";"Quantidade de Número de serie vinculados"
"PERCBONIFIC";"N";"NUMBER(18,6)";"Y";"";"";"% Bonificação Dinheiro"
"VERBADINPORPERC";"N";"VARCHAR2(1)";"Y";"";"";"Calcular verba dinheiro por percentual"
"PERCBONTAB";"N";"NUMBER(14,4)";"Y";"";"";"% Bonificação Mercadoria Futuro"
"VLBONIFICTAB";"N";"NUMBER(18,6)";"Y";"";"";"Valor Bonificação em Dinheiro Futuro"
"PERCBONIFICTAB";"N";"NUMBER(18,6)";"Y";"";"";"% Bonificação Dinheiro Futuro"
"PERCBONOUTRASTAB";"N";"NUMBER(18,6)";"Y";"";"";"% Bonificação Outras Verbas Futuro"
"VLADICIONALBCICMSANTECIP";"N";"NUMBER(18,6)";"Y";"";"";"Valor adicional base Icms Antecipado"
"APLICPERCIVAPAUTAICMSANTECIP";"N";"VARCHAR2(1)";"Y";"";"";"Aplica IVA sobre valor de pauta ICMS antecipado"
"PERCICMSFRETEFOBICMSANTECIP";"N";"NUMBER(12,4)";"Y";"";"";"% ICMS Frete FOB p/ calc.Icms Antecipado"
"PERCMVAORIGICMSANTECIP";"N";"NUMBER(12,4)";"Y";"";"";"% IVA Original ICMS Antecipado"
"PERCCARGATRIBMEDIAICMSANTECIP";"N";"NUMBER(18,6)";"Y";"";"";"% Carga Média tributária Icms Antecipado"
"REDBASEIVAICMSANTECIP";"N";"NUMBER(18,6)";"Y";"";"";"% Redução IVA Icms Antecipado"
"REDBASEALIQEXTICMSANTECIP";"N";"NUMBER(18,6)";"Y";"";"";"% Redução Aliquota externa ICMS Antecipado."
"CONSIDERARICMSANTECIPCUSTOCONT";"N";"VARCHAR2(1)";"Y";"";"";"Considerar ICMS Antecipado no Custo Contabil"
"CODSALMED";"N";"NUMBER(6)";"Y";"";"";""
"PERCIISUSPENSO";"N";"NUMBER(22,8)";"Y";"";"";"Percentual II Suspenso"
"PERPISCALCDI";"N";"NUMBER(22,8)";"Y";"";"";"Percentual PIS Suspenso"
"PERCOFINSCALCDI";"N";"NUMBER(22,8)";"Y";"";"";"Percentual CODFINS Suspenso"
"ESTOQUEPORDTVALIDADE";"N";"VARCHAR2(1)";"Y";"'S'";"";"Controle de estoque por data de validade"
"PESOLIQDI";"N";"NUMBER(22,12)";"Y";"";"";"Peso líquido DI(Kg)"
"FORMAESTERILIZACAO";"N";"VARCHAR2(500)";"Y";"";"";"Forma de Esterilização"
"IDINTEGRACAOCIASHOP";"N";"VARCHAR2(250)";"Y";"";"";"Referência do produto no E-commerce CiaShop"
"ENVIAECOMMERCE";"N";"VARCHAR2(1)";"Y";"'N'";"";"Identifica se o produto será enviado ao e-commerce"
"COMISSAOSERVICOFUNCIONARIO";"N";"NUMBER(12,2)";"Y";"";"";"Valor comissão do funcionário"
"APLICAPERCREDALIQIPI";"N";"VARCHAR2(1)";"Y";"";"";"Define se haverá redução da Alíquota de IPI"
"GTINCODAUXILIARTRIB";"N";"NUMBER(2)";"Y";"";"";"GTIN Unid. Venda Tributável"
"CODAUXILIARTRIB";"N";"NUMBER(20)";"Y";"";"";"Unidade Venda Tributável [EAN8, UPC12, EAN13, e DUN14]"
"VERIFCRAMOATIVCALCST";"N";"VARCHAR2(1)";"Y";"'N'";"";"Verificar ramo de atividade para cálculo do ST"
"REGISTROPECA";"N";"VARCHAR2(15)";"Y";"";"";"Refere-se ao registro da peça, realizado no cadastro de peças"
"GERAICMSLIVROFISCALENT";"N";"VARCHAR2(1)";"Y";"";"";"Gera ICMS no Livro fiscal"
"UTILIZACREDREDPISCOFINS";"N";"VARCHAR2(1)";"Y";"";"";"Utiliza aliq. PIS/COFINS Suspenso"
"COMODATO";"N";"VARCHAR2(1)";"Y";"'N'";"";""
"LINKFABRICANTE";"N";"VARCHAR2(100)";"Y";"";"";"Link do site do fabricante para visualizar informações do produto"
"PRODUSAENGRADADO";"N";"VARCHAR2(1)";"Y";"";"";""
"CODPRODENGRADADO";"N";"NUMBER(6)";"Y";"";"";""
"FATCONVPRODENGRAD";"N";"NUMBER(18,6)";"Y";"";"";""
"CODCEST";"N";"VARCHAR2(7)";"Y";"";"";""
"CODCESTDEV";"N";"VARCHAR2(7)";"Y";"";"";""
"CODIGOCNAE";"N";"NUMBER(20)";"Y";"";"";"Código CNAE referente ao serviço"
"TEMPOSERVICO";"N";"NUMBER(20)";"Y";"";"";"Tempo de serviço para execução do serviço"
"TIPOSERVICOVINCULADORECEITA";"N";"VARCHAR2(9)";"Y";"";"";"Tipo de serviço vinculado a receita"
"INCIDENCIACPRB";"N";"VARCHAR2(8)";"Y";"";"";"Qual deve ser a incidencia do CPRB sobre o servico"
"PERCENTUALCPRB";"N";"NUMBER(26,6)";"Y";"";"";"Percentual de CPRB para o serviço"
"PERCENTUALINCIDENCIA";"N";"NUMBER(26,6)";"Y";"";"";"Percentual de incidência para execução do serviço"
"FILIALDC";"N";"NUMBER(10)";"Y";"1";"";""
"REPLICADC";"N";"NUMBER(1)";"Y";"0";"";""
"DTDC";"N";"DATE";"Y";"SYSDATE";"";""
"DTDC_ALTER";"N";"DATE";"Y";"";"";""
"ALTERADC";"N";"NUMBER(1)";"Y";"";"";""
"CFOPORIG";"N";"NUMBER(8)";"Y";"";"";"Cód. Fiscal original da nota"
"MODBCST";"N";"NUMBER(1)";"Y";"";"";"Modalidade da base st nota fiscal"
"MODBCSTGUIA";"N";"NUMBER(1)";"Y";"";"";"Modalidade da base st guia"
"PERMITIRBROKERTV5";"N";"VARCHAR2(1)";"Y";"'S'";"";""
"VLFRETE";"N";"NUMBER(18,6)";"Y";"";"";"Valor Frete"
"ANTIDUMPING";"N";"VARCHAR2(1)";"Y";"";"";"Este campo é usado pela rotina 3010 para tratar o rateio do antidumping"
"PERCFUNCEP";"N";"NUMBER(18,6)";"Y";"";"";"Percentual de FUNCEP"
"PERCFECP";"N";"NUMBER(18,6)";"Y";"";"";"Percentual de FECP"
"ENDERECAMENTOCUBAGEM";"N";"VARCHAR2(1)";"Y";"'N'";"";"Endereçamento por cubagem"
"DTULTALTCAD";"N";"DATE";"Y";"";"";""
"CODFUNCULTALTCAD";"N";"NUMBER(8)";"Y";"";"";""
"PESOBRUTOFRETE";"N";"NUMBER(18,6)";"Y";"";"";"Peso bruto do frete FOB."
"PERCCSLL";"N";"NUMBER(18,6)";"Y";"";"";"Percentual do CSLL"
"VLIPIPAUTATV10";"N";"NUMBER(18,6)";"Y";"";"";"Valor do IPI pauta para transferencias"
"VLIPIPAUTATV10TAB";"N";"NUMBER(18,6)";"Y";"";"";"Valor do IPI pauta para transferencias"
"CODFISCALREMENTFUT";"N";"NUMBER(10)";"Y";"";"";"Cod.Fiscal Remessa Entrega Futura"
"CODFISCALENTENTFUT";"N";"NUMBER(10)";"Y";"";"";"Cod.Fiscal Entrada Entrega futura"
"SITTRIBUTENTFUT";"N";"VARCHAR2(3)";"Y";"";"";"Sit.Tribut. Entrega Futura"
"LICITUSARCAP";"N";"VARCHAR2(1)";"Y";"";"";""
"LICITPERCDESONERACAP";"N";"NUMBER(18,6)";"Y";"";"";""
"USAECOMMERCEUNILEVER";"N";"VARCHAR2(1)";"Y";"'N'";"";""
"LICITUSARDESONERAICM";"N";"VARCHAR2(1)";"Y";"'N'";"";""
"LICITPERCDESONERAICM";"N";"NUMBER(18,6)";"Y";"";"";""
"PERCIVA2";"N";"NUMBER(12,4)";"Y";"";"";"Alíquota de ST Outorgado"
"LICITCONVENIOISENCAOICMS";"N";"VARCHAR2(40)";"Y";"";"";""
"PERCENTUALISS";"N";"NUMBER(26,6)";"Y";"";"";"Indica o percentual de ISS para serviços"
"EMBVENDAECOMMERCEUNILEVER";"N";"VARCHAR2(1)";"Y";"'U'";"";"Tipo da embalagem de venda no e-commerce da Unilever"
"CODFISCALBENEFICSAIDA";"N";"NUMBER(10)";"Y";"";"";"CFOP saída para beneficiamento"
"CODFISCALBENEFICRETORNO";"N";"NUMBER(10)";"Y";"";"";"CFOP remessa de retorno da materia prima"
"CODFISCALBENEFICENTRADA";"N";"NUMBER(10)";"Y";"";"";"CFOP entrada de produto acabado"
"SITTRIBUTBENEFICSAIDA";"N";"VARCHAR2(3)";"Y";"";"";"SITTRIBUT saída para beneficiamento"
"SITTRIBUTBENEFICRETORNO";"N";"VARCHAR2(3)";"Y";"";"";"SITTRIBUT remessa de retorno da materia prima"
"SITTRIBUTBENEFICENTRADA";"N";"VARCHAR2(3)";"Y";"";"";"SITTRIBUT entrada de produto acabado"
"PERCICMSDESONERACAO";"N";"NUMBER(12,4)";"Y";"";"";"Percentual de ICMS Desoneração"
"VERIFCDESCCAIXAFECHADA";"N";"VARCHAR2(1)";"Y";"";"";""
"PERCDESCCAIXAFECHADA";"N";"NUMBER(16,8)";"Y";"";"";""
"ACEITATROCAINSERVIVEL";"N";"VARCHAR2(1)";"Y";"'N'";"";"Identifica se produto aceita ou não troca de inservível"
"CODINSERVIVEL";"N";"NUMBER(6)";"Y";"";"";"Código de identificação de inservível"
"CARCACABATERIA";"N";"VARCHAR2(1)";"Y";"'N'";"";"Identifica se o produto é ou não carcaça de bateria"
"UTILIZAPRECOFABRICA";"N";"VARCHAR2(1)";"Y";"'N'";"";"Utiliza Preço Fabrica"
"ISENTOTCIF";"N";"VARCHAR2(1)";"Y";"'N'";"";"Isento do pagamento da TCIF?"
"UNIDADETRIBEX";"N";"VARCHAR2(6)";"Y";"";"";"Unidade tributavel do exterior a ser utilizda na NF-e"
"FATORCONVTRIBEX";"N";"NUMBER(12,6)";"Y";"";"";"Fator de conversão do exterior a ser utilizado na NF-e"
"DESCANP";"N";"VARCHAR2(95)";"Y";"";"";"Descrição do produto conforme ANP"
"BLOQUEIOACORDOPARCERIA";"N";"VARCHAR2(1)";"Y";"'N'";"";"Bloquear no Acordo de Parceria"
"PERACRESCIMOIPI";"N";"NUMBER(18,6)";"Y";"";"";"PERCENTUAL DE ACRÉSCIMO NO VALOR DO IPI"
"CODAGREGACAO";"N";"VARCHAR2(20)";"Y";"";"";"Código de agregação"
"USACODAGREGACAO";"N";"VARCHAR2(1)";"Y";"'S'";"";"Utiliza o código de agregação"
"ISENTOSTCOZINHAINDUSTRIAL";"N";"VARCHAR2(1)";"Y";"'N'";"";"Define se o produto é isento de ST para clientes cozinha industrial"
"CODPRINCIPATIVO2";"N";"NUMBER(10)";"Y";"";"";"Indica o princípio ativo secundário do produto."
"PGLP";"N";"NUMBER(7,4)";"Y";"";"";"Percentual do GLP derivado de petroleo."
"PGNN";"N";"NUMBER(7,4)";"Y";"";"";"Percentual do GLP derivado de petroleo."
"PGNI";"N";"NUMBER(7,4)";"Y";"";"";"Percentual do GLP derivado de petroleo."
"VPART";"N";"NUMBER(23,10)";"Y";"";"";"Deve ser informado neste campo o valor por quilograma sem ICMS."
"FATORCONVERSAOBIONEXO";"N";"NUMBER(6,2)";"Y";"";"";"Fator Conversão Bionexo"
"PGLI";"N";"NUMBER(7,4)";"Y";"";"";"Percentual do GLP derivado do petróleo no produto GLP"
"PGLN";"N";"NUMBER(7,4)";"Y";"";"";"Percentual de Gás Natural Nacional ¿ GLGNn para o produto GLP"
"UTILIZAMULTIPLICADOR";"N";"VARCHAR2(1)";"Y";"";"";"Utiliza multiplicador na conferência"
"USAMAIORVALORPARACALCULOICMS";"N";"VARCHAR2(1)";"Y";"";"";"Usa maior valor para calculo do ICMS (Pauta de ICMS e preço de compra)"
"USABASESTNOFCP";"N";"VARCHAR2(1)";"Y";"";"";"Base FCP ST - Considera base do ST"
"TIPOINTEGRACAOB2B";"N";"NUMBER(4)";"Y";"";"";"Tipo de integração com a indústria que o  produto está vinculado."
"UNIDADEPADRAO";"N";"VARCHAR2(2)";"Y";"";"";"Unidade Padrão de venda"
"DESCRICAODINAMICA";"N";"VARCHAR2(1000)";"Y";"";"";"DESCRIÇÃO DINÂMICA PARA PESQUISA DO PRODUTO"
"GRAMATURALICIT";"N";"NUMBER(30,16)";"Y";"";"";"Gramatura do item do Edital"
"IDSOFITVIEW";"N";"VARCHAR2(10)";"Y";"";"";"Indica o código do cliente na SofitView"
"DTULTALTERSOFITVIEW";"N";"DATE";"Y";"";"";"Indica a data que o cliente foi integrado com a SofitView"
"DTEXCLUSAOSOFITVIEW";"N";"DATE";"Y";"";"";"Indica a data que o cliente foi inativado na SofitView"
"CODMOTISENCAOANVISA";"N";"VARCHAR2(255)";"Y";"";"";"Informação de código de isenção para registro da Anvisa"
"USAICMSDESONERACAO";"N";"VARCHAR2(1)";"Y";"";"";"Indica se o ICMS desonerado será aproveitado na nota"
"CODSAZONALIDADEMED";"N";"NUMBER(4)";"Y";"";"";"Codigo da sazonalidade do produto"
"CODADWORDS";"N";"VARCHAR2(200)";"Y";"";"";"Código do AdWords"
"EXIBESEMESTOQUEECOMMERCE";"N";"VARCHAR2(1)";"Y";"";"";"Campo para informar se será exibido produtos sem estoque no ecommerce, uso exclusido para operações WEB."
"LINKID";"N";"VARCHAR2(255)";"Y";"";"";"Campo para informar URLdo produto no ecommerce, uso exclusido para operações WEB."
"CODCAMPLOMADEE";"N";"VARCHAR2(200)";"Y";"";"";"Campo para vinculo do código campanha Lomadee do ecommerce com o Winthor, uso exclusido para operações WEB."
"UTILIZAINTEGRACAOKIBON";"N";"VARCHAR2(1)";"Y";"'N'";"";"Utiliza integração Kibon DMS."
"PREDOMINANCIA";"N";"VARCHAR2(2)";"Y";"";"";"Predominância do Produto"
"NUMERO";"N";"NUMBER(9,2)";"Y";"";"";""
"NUMEROCX";"N";"NUMBER(9,2)";"Y";"";"";"Indica o numero do endereço do produto."
"USABASEREDICMSPRESUMIDO";"N";"VARCHAR2(1)";"Y";"";"";"Utilizar Base Reduzida para Crédito Presumido"
"ALIQUOTATCIF";"N";"NUMBER(18,6)";"Y";"";"";""
"CLASSEVENDAQT";"N";"VARCHAR2(1)";"Y";"";"";""
"OBSCONTXCAMPO";"N";"VARCHAR2(20)";"Y";"";"";"Preenchimento do grupo ""obsItem"", de uso livre do Contribuinte para identificação do campo"
"OBSCONTXTEXTO";"N";"VARCHAR2(60)";"Y";"";"";"Preenchimento do grupo ""obsItem"" no XML, de uso livre do Contribuinte para conteúdo"
"OBSFISCOXCAMPO";"N";"VARCHAR2(20)";"Y";"";"";"Preenchimento do grupo ""obsItem"" no XML, de uso livre do Fisco para identificação do campo"
"OBSFISCOXTEXTO";"N";"VARCHAR2(60)";"Y";"";"";"Preenchimento do grupo ""obsItem"" no XML, de uso livre do Fisco para conteúdo"
"PMPFMEDICAMENTO";"N";"NUMBER(18,6)";"Y";"";"";"PMPF do Medicamento"
"PRECOFABRICA";"N";"NUMBER(18,6)";"Y";"";"";"Preço Fábrica do Medicamento"
"USAPMPFBASEST";"N";"VARCHAR2(1)";"Y";"";"";"Usa Preço Máximo Pessoa Física como Base de ST"
"USAPFABBASEST";"N";"VARCHAR2(1)";"Y";"";"";"Usa Preço de Fábrica como Base de ST"
"PERCREDPMPF";"N";"NUMBER(12,4)";"Y";"";"";"Alíquota de redução do Preço Máximo Pessoa Física"
"PERCREDPFAB";"N";"NUMBER(12,4)";"Y";"";"";"Alíquota de redução do Preço de Fábrica"
